[
    {
        "id": 1,
        "nome": "Calabresa",
        "ingredientes": [
            "mussarela",
            "calabresa",
            "cebola"
        ],
        "preco": 38.5,
        "img": "/img/calabresa.jpg",
        "destaque": true,
        "score": 27
    },
    {
        "id": 2,
        "nome": "Pepperoni",
        "ingredientes": [
            "mussarela",
            "pepperoni",
            "cebola"
        ],
        "preco": 48.55,
        "img": "/img/pepperoni.jpg",
        "destaque": false,
        "score": 24
    },
    {
        "id": 4,
        "nome": "Marguerita",
        "ingredientes": [
            "mussarela",
            "tomate",
            "manjericão"
        ],
        "preco": 33.5,
        "img": "/img/marguerita.jpg",
        "destaque": false,
        "score": 3
    },
    {
        "id": 5,
        "nome": "Quatro Queijos",
        "ingredientes": [
            "mussarela",
            "gorgonzola",
            "provolone",
            "parmesão"
        ],
        "preco": 38.5,
        "img": "/img/quatroqueijos.jpg",
        "destaque": true,
        "score": 3
    },
    {
        "id": 6,
        "nome": "Portuguesa",
        "ingredientes": [
            "cebola",
            "pimentão",
            "ovo",
            "mussarela",
            "presunto"
        ],
        "preco": 40.5,
        "img": "/img/quatroqueijos.jpg",
        "destaque": true,
        "score": 3
    },
    {
        "id": 7,
        "nome": "Quatro Queijos",
        "ingredientes": [
            "mussarela",
            "gorgonzola",
            "provolone",
            "parmesão"
        ],
        "preco": 38.5,
        "img": "/img/quatroqueijos.jpg",
        "destaque": true,
        "score": 3
    },
    {
        "id": 9,
        "nome": "Napolitana",
        "ingredientes": [
            "mussarela",
            "gorgonzola",
            "provolone",
            "parmesão"
        ],
        "preco": 55.5,
        "img": "/img/quatroqueijos.jpg",
        "destaque": true,
        "score": 1
    },
    {
        "id": 10,
        "nome": "Baiana",
        "ingredientes": [
            "mussarela",
            "gorgonzola",
            "provolone",
            "parmesão"
        ],
        "preco": 38.5,
        "img": "/img/quatroqueijos.jpg",
        "destaque": true,
        "score": 1
    },
    {
        "id": 11,
        "nome": "Meat & Bacon",
        "ingredientes": [
            "mussarela",
            "calabresa",
            "bacon"
        ],
        "preco": 38.5,
        "img": "/img/quatroqueijos.jpg",
        "destaque": true
    },
    {
        "id": 12,
        "nome": "Rúcula",
        "ingredientes": [
            "mussarela",
            "rúcula",
            "tomate seco"
        ],
        "preco": 38.5,
        "img": "/img/quatroqueijos.jpg",
        "destaque": true,
        "score": 1
    },
    {
        "id": 13,
        "nome": "Dezoito Queijos",
        "ingredientes": [
            "mussarela",
            "gorgonzola",
            "provolone",
            "parmesão"
        ],
        "preco": 38.5,
        "img": "/img/quatroqueijos.jpg",
        "destaque": true,
        "score": 3
    },
    {
        "nome": "Tamarindo",
        "ingredientes": [
            "tamarindo",
            "mussarela",
            "coragem"
        ],
        "preco": 50,
        "img": "/img/no-image.png",
        "destaque": false,
        "score": 0,
        "id": 14
    },
    {
        "nome": "Robalo",
        "ingredientes": [
            "robalo",
            "molho de tomate",
            "fermento"
        ],
        "preco": 500,
        "img": "/img/no-image.png",
        "destaque": false,
        "score": 0,
        "id": 15
    },
    {
        "nome": "Sorte",
        "ingredientes": [
            "trevo de quatro folhas",
            "pé de coelho"
        ],
        "preco": 900,
        "img": "/img/1677677393105-capa-capitao-cueca-colorido.png",
        "destaque": false,
        "score": 0,
        "id": 20
    }
]